序号,文件名,相似度,略缩图地址,搜索时间
序号,文件名,相似度,略缩图地址,搜索时间
1,97ba93a9f1aa6dbe919f8dd2d62dd254.jpeg,55.22,https://img3.saucenao.com/twitter/d/_/v/B8RuIfBCMAAPd_v.jpg?auth=ouIiHtr7CCJkJ3JqSu0QYg&exp=1644955200,2022-02-09 23:33:05
2,ffd186ac082a4c05cea3415e7fdc195e.jpeg,67.2,https://img1.saucenao.com/res/mangadex/591/591103/e23.jpg?auth=gRJaWEGpzRJhHJ5Z1b6-Kg&exp=1644955200,2022-02-09 23:33:16
3,laohu.jpeg,44.87,https://img1.saucenao.com/res/pixiv/7080/70800835_p0_master1200.jpg?auth=A5VAmhyULILVPbhw8ndG_Q&exp=1644955200,2022-02-09 23:33:28
序号,文件名,相似度,略缩图地址,搜索时间
0,73aa73345958fe56dc423c2767b73815.jpeg,62.2,https://img1.saucenao.com/res/pixiv/8318/83184765_p0_master1200.jpg?auth=43QfK2arlbC8fqOdR3X7sA&exp=1644955200,2022-02-09 23:37:23
1,97ba93a9f1aa6dbe919f8dd2d62dd254.jpeg,55.22,https://img3.saucenao.com/twitter/d/_/v/B8RuIfBCMAAPd_v.jpg?auth=ouIiHtr7CCJkJ3JqSu0QYg&exp=1644955200,2022-02-09 23:37:34
2,ffd186ac082a4c05cea3415e7fdc195e.jpeg,67.2,https://img1.saucenao.com/res/mangadex/591/591103/e23.jpg?auth=gRJaWEGpzRJhHJ5Z1b6-Kg&exp=1644955200,2022-02-09 23:37:50
3,laohu.jpeg,44.87,https://img1.saucenao.com/res/pixiv/7080/70800835_p0_master1200.jpg?auth=A5VAmhyULILVPbhw8ndG_Q&exp=1644955200,2022-02-09 23:38:02
4,"东农土工 (750 × 400, 像素).png",46.87,https://img3.saucenao.com/frames/?expires=1644955200&init=2795a23a92fc9fbd&data=29ab58c3e617c59d238486181f866cbb4eab0bbbd74c135c01b986d51a18e0970176a653a96a9ad079d5e9069070bba03686469ebd77622305b27f3d77c656f1b9655dbdcd5d441d5b03630a9c4dc2288dd6d5d8d03f409f563667e25ac5ad4697f202a610ef40a966b13c448aabfb8edcc21d5716bc091702182d920dc74cdab9edfc98d2176d34f7c2d5b1761f26b59d524e406c7c4b07088f0721b4e29579&auth=be1b82b7f10bf4cd24149d0749b396ab4579fa47,2022-02-09 23:38:17
序号,文件名,相似度,略缩图地址,搜索时间
0,73aa73345958fe56dc423c2767b73815.jpeg,62.2,https://img1.saucenao.com/res/pixiv/8318/83184765_p0_master1200.jpg?auth=43QfK2arlbC8fqOdR3X7sA&exp=1644955200,2022-02-10 00:01:04
序号,文件名,相似度,略缩图地址,搜索时间
0,73aa73345958fe56dc423c2767b73815.jpeg,62.2,https://img1.saucenao.com/res/pixiv/8318/83184765_p0_master1200.jpg?auth=43QfK2arlbC8fqOdR3X7sA&exp=1644955200,2022-02-10 01:01:04
1,97ba93a9f1aa6dbe919f8dd2d62dd254.jpeg,55.22,https://img3.saucenao.com/twitter/d/_/v/B8RuIfBCMAAPd_v.jpg?auth=ouIiHtr7CCJkJ3JqSu0QYg&exp=1644955200,2022-02-10 01:01:15
2,ffd186ac082a4c05cea3415e7fdc195e.jpeg,67.2,https://img1.saucenao.com/res/mangadex/591/591103/e23.jpg?auth=gRJaWEGpzRJhHJ5Z1b6-Kg&exp=1644955200,2022-02-10 01:01:26
3,laohu.jpeg,44.87,https://img1.saucenao.com/res/pixiv/7080/70800835_p0_master1200.jpg?auth=A5VAmhyULILVPbhw8ndG_Q&exp=1644955200,2022-02-10 01:01:38
4,"东农土工 (750 × 400, 像素).png",46.87,https://img3.saucenao.com/frames/?expires=1644955200&init=2795a23a92fc9fbd&data=29ab58c3e617c59d238486181f866cbb4eab0bbbd74c135c01b986d51a18e0970176a653a96a9ad079d5e9069070bba03686469ebd77622305b27f3d77c656f1b9655dbdcd5d441d5b03630a9c4dc2288dd6d5d8d03f409f563667e25ac5ad4697f202a610ef40a966b13c448aabfb8edcc21d5716bc091702182d920dc74cdab9edfc98d2176d34f7c2d5b1761f26b59d524e406c7c4b07088f0721b4e29579&auth=be1b82b7f10bf4cd24149d0749b396ab4579fa47,2022-02-10 01:01:51
序号,文件名,相似度,略缩图地址,搜索时间
0,73aa73345958fe56dc423c2767b73815.jpeg,62.2,https://img1.saucenao.com/res/pixiv/8318/83184765_p0_master1200.jpg?auth=43QfK2arlbC8fqOdR3X7sA&exp=1644955200,2022-02-10 01:02:11
1,97ba93a9f1aa6dbe919f8dd2d62dd254.jpeg,55.22,https://img3.saucenao.com/twitter/d/_/v/B8RuIfBCMAAPd_v.jpg?auth=ouIiHtr7CCJkJ3JqSu0QYg&exp=1644955200,2022-02-10 01:02:21
2,ffd186ac082a4c05cea3415e7fdc195e.jpeg,67.2,https://img1.saucenao.com/res/mangadex/591/591103/e23.jpg?auth=gRJaWEGpzRJhHJ5Z1b6-Kg&exp=1644955200,2022-02-10 01:02:31
3,laohu.jpeg,44.87,https://img1.saucenao.com/res/pixiv/7080/70800835_p0_master1200.jpg?auth=A5VAmhyULILVPbhw8ndG_Q&exp=1644955200,2022-02-10 01:02:45
4,"东农土工 (750 × 400, 像素).png",46.87,https://img3.saucenao.com/frames/?expires=1644955200&init=2795a23a92fc9fbd&data=29ab58c3e617c59d238486181f866cbb4eab0bbbd74c135c01b986d51a18e0970176a653a96a9ad079d5e9069070bba03686469ebd77622305b27f3d77c656f1b9655dbdcd5d441d5b03630a9c4dc2288dd6d5d8d03f409f563667e25ac5ad4697f202a610ef40a966b13c448aabfb8edcc21d5716bc091702182d920dc74cdab9edfc98d2176d34f7c2d5b1761f26b59d524e406c7c4b07088f0721b4e29579&auth=be1b82b7f10bf4cd24149d0749b396ab4579fa47,2022-02-10 01:02:57
序号,文件名,相似度,略缩图地址,搜索时间
0,73aa73345958fe56dc423c2767b73815.jpeg,62.2,https://img1.saucenao.com/res/pixiv/8318/83184765_p0_master1200.jpg?auth=43QfK2arlbC8fqOdR3X7sA&exp=1644955200,2022-02-10 14:28:21
1,97ba93a9f1aa6dbe919f8dd2d62dd254.jpeg,55.22,https://img3.saucenao.com/twitter/d/_/v/B8RuIfBCMAAPd_v.jpg?auth=ouIiHtr7CCJkJ3JqSu0QYg&exp=1644955200,2022-02-10 14:28:33
2,ffd186ac082a4c05cea3415e7fdc195e.jpeg,67.2,https://img1.saucenao.com/res/mangadex/591/591103/e23.jpg?auth=gRJaWEGpzRJhHJ5Z1b6-Kg&exp=1644955200,2022-02-10 14:28:51
3,laohu.jpeg,44.87,https://img1.saucenao.com/res/pixiv/7080/70800835_p0_master1200.jpg?auth=A5VAmhyULILVPbhw8ndG_Q&exp=1644955200,2022-02-10 14:29:04
4,"东农土工 (750 × 400, 像素).png",46.87,https://img3.saucenao.com/frames/?expires=1644955200&init=2795a23a92fc9fbd&data=29ab58c3e617c59d238486181f866cbb4eab0bbbd74c135c01b986d51a18e0970176a653a96a9ad079d5e9069070bba03686469ebd77622305b27f3d77c656f1b9655dbdcd5d441d5b03630a9c4dc2288dd6d5d8d03f409f563667e25ac5ad4697f202a610ef40a966b13c448aabfb8edcc21d5716bc091702182d920dc74cdab9edfc98d2176d34f7c2d5b1761f26b59d524e406c7c4b07088f0721b4e29579&auth=be1b82b7f10bf4cd24149d0749b396ab4579fa47,2022-02-10 14:29:18
序号,文件名,相似度,略缩图地址,搜索时间
0,73aa73345958fe56dc423c2767b73815.jpeg,62.2,https://img1.saucenao.com/res/pixiv/8318/83184765_p0_master1200.jpg?auth=43QfK2arlbC8fqOdR3X7sA&exp=1644955200,2022-02-10 14:31:40
1,97ba93a9f1aa6dbe919f8dd2d62dd254.jpeg,55.22,https://img3.saucenao.com/twitter/d/_/v/B8RuIfBCMAAPd_v.jpg?auth=ouIiHtr7CCJkJ3JqSu0QYg&exp=1644955200,2022-02-10 14:31:52
